{
  "seed": 0,
  "train_scenarios": [
    "N-12",
    "N-13",
    "W-12",
    "W-13",
    "A-12",
    "A-13"
  ],
  "heldout_scenarios": [
    "N-11",
    "W-11",
    "A-11",
    "N-14",
    "W-14",
    "A-14"
  ],
  "baseline_train_mrt": 185.79974889809094,
  "ranking": [
    {
      "rank": 1,
      "score": 174.03409843899576,
      "mean_mrt": 174.03409843899576,
      "n_infeasible": 0,
      "config": {
        "criticality": {
          "weight": 0.7,
          "alpha": 0.5,
          "beta": 0.3,
          "gamma": 0.2
        },
        "propagation": {
          "weight": 0.0,
          "hops": 1
        }
      },
      "per_scenario": {
        "N-12": [
          172.74143616066073,
          104.06385075201146,
          0.0
        ],
        "N-13": [
          127.8548595865457,
          98.07330904000726,
          0.0
        ],
        "W-12": [
          243.033578919147,
          118.12818677868714,
          0.0
        ],
        "W-13": [
          226.86284865733916,
          114.99839914668412,
          0.0
        ],
        "A-12": [
          156.3199745317179,
          92.56356823200507,
          0.0
        ],
        "A-13": [
          117.39189277856404,
          90.07633157333615,
          0.0
        ]
      }
    },
    {
      "rank": 2,
      "score": 177.12874394664775,
      "mean_mrt": 177.12874394664775,
      "n_infeasible": 0,
      "config": {
        "criticality": {
          "weight": 0.4,
          "alpha": 0.4,
          "beta": 0.4,
          "gamma": 0.2
        },
        "propagation": {
          "weight": 0.0,
          "hops": 1
        }
      },
      "per_scenario": {
        "N-12": [
          157.38839014287532,
          108.05827212801302,
          0.0
        ],
        "N-13": [
          140.52200400769522,
          96.64299005333974,
          0.0
        ],
        "W-12": [
          261.5308483400535,
          117.67700249297226,
          0.0
        ],
        "W-13": [
          210.52040948229865,
          114.52867233601668,
          0.0
        ],
        "A-12": [
          162.74100177787656,
          90.91235196800372,
          0.0
        ],
        "A-13": [
          130.06980992908709,
          86.14993459733502,
          0.0
        ]
      }
    },
    {
      "rank": 3,
      "score": 183.71869241008858,
      "mean_mrt": 183.71869241008858,
      "n_infeasible": 0,
      "config": {
        "criticality": {
          "weight": 0.4,
          "alpha": 0.2,
          "beta": 0.6,
          "gamma": 0.2
        },
        "propagation": {
          "weight": 0.0,
          "hops": 1
        }
      },
      "per_scenario": {
        "N-12": [
          159.9279789260484,
          106.41664924801233,
          0.0
        ],
        "N-13": [
          142.76809690681597,
          94.50217830000585,
          0.0
        ],
        "W-12": [
          283.3491137566229,
          115.2768671344945,
          0.0
        ],
        "W-13": [
          227.93505456052014,
          108.2310527586808,
          0.0
        ],
        "A-12": [
          153.33196024083725,
          87.01469952533583,
          0.0
        ],
        "A-13": [
          134.99995006968683,
          85.74675820800148,
          0.0
        ]
      }
    },
    {
      "rank": 4,
      "score": 185.79974889809094,
      "mean_mrt": 185.79974889809094,
      "n_infeasible": 0,
      "config": {
        "criticality": {
          "weight": 0.0,
          "alpha": 0.4,
          "beta": 0.4,
          "gamma": 0.2
        },
        "propagation": {
          "weight": 0.0,
          "hops": 1
        }
      },
      "per_scenario": {
        "N-12": [
          167.9541119055471,
          105.98467660623449,
          0.0
        ],
        "N-13": [
          138.8946206790786,
          96.75817462400641,
          0.0
        ],
        "W-12": [
          288.1319326648003,
          121.55530670935397,
          0.0
        ],
        "W-13": [
          224.68227233173016,
          113.39512745068312,
          0.0
        ],
        "A-12": [
          165.83451871368692,
          94.73315696533815,
          0.0
        ],
        "A-13": [
          129.30103709370258,
          86.17876885333516,
          0.0
        ]
      }
    },
    {
      "rank": 5,
      "score": 189.87752819596153,
      "mean_mrt": 189.87752819596153,
      "n_infeasible": 0,
      "config": {
        "criticality": {
          "weight": 0.7,
          "alpha": 0.2,
          "beta": 0.6,
          "gamma": 0.2
        },
        "propagation": {
          "weight": 0.0,
          "hops": 1
        }
      },
      "per_scenario": {
        "N-12": [
          171.85270150888175,
          106.79110664801232,
          0.0
        ],
        "N-13": [
          150.06904597229885,
          92.74544327200641,
          0.0
        ],
        "W-12": [
          286.4186073544783,
          113.24173841601723,
          0.0
        ],
        "W-13": [
          234.81130860686324,
          108.2694613920139,
          0.0
        ],
        "A-12": [
          160.7315242113413,
          85.2195215253346,
          0.0
        ],
        "A-13": [
          135.38198152190583,
          85.78517112800166,
          0.0
        ]
      }
    },
    {
      "rank": 6,
      "score": 237.8779505909579,
      "mean_mrt": 237.8779505909579,
      "n_infeasible": 0,
      "config": {
        "criticality": {
          "weight": 0.7,
          "alpha": 0.5,
          "beta": 0.3,
          "gamma": 0.2
        },
        "propagation": {
          "weight": 0.35,
          "hops": 1
        }
      },
      "per_scenario": {
        "N-12": [
          234.93412642173314,
          73.47902145199868,
          0.0
        ],
        "N-13": [
          211.7369760502581,
          68.46694438399953,
          0.0
        ],
        "W-12": [
          287.84250939197165,
          111.65780334401558,
          0.0
        ],
        "W-13": [
          298.1500592823945,
          84.04800779200255,
          0.0
        ],
        "A-12": [
          197.01703015203304,
          72.68193783466636,
          0.0
        ],
        "A-13": [
          197.5870022473571,
          72.1340280319996,
          0.0
        ]
      }
    },
    {
      "rank": 7,
      "score": 242.53447081099696,
      "mean_mrt": 242.53447081099696,
      "n_infeasible": 0,
      "config": {
        "criticality": {
          "weight": 0.4,
          "alpha": 0.4,
          "beta": 0.4,
          "gamma": 0.2
        },
        "propagation": {
          "weight": 0.35,
          "hops": 1
        }
      },
      "per_scenario": {
        "N-12": [
          235.08641007234587,
          73.5750129119988,
          0.0
        ],
        "N-13": [
          238.76693274792456,
          69.72475453066643,
          0.0
        ],
        "W-12": [
          293.00425035057066,
          116.02593607246763,
          0.0
        ],
        "W-13": [
          293.03638844675186,
          96.09691302400967,
          0.0
        ],
        "A-12": [
          198.15019201953643,
          73.11394466133302,
          0.0
        ],
        "A-13": [
          197.16265122885244,
          72.13403660799959,
          0.0
        ]
      }
    },
    {
      "rank": 8,
      "score": 243.08060321112853,
      "mean_mrt": 243.08060321112853,
      "n_infeasible": 0,
      "config": {
        "criticality": {
          "weight": 0.0,
          "alpha": 0.4,
          "beta": 0.4,
          "gamma": 0.2
        },
        "propagation": {
          "weight": 0.35,
          "hops": 1
        }
      },
      "per_scenario": {
        "N-12": [
          194.1982938271009,
          90.74974537600527,
          0.0
        ],
        "N-13": [
          237.999830288966,
          72.92156071866656,
          0.0
        ],