{
  "calib_tags": [
    "N-13",
    "W-13",
    "A-13"
  ],
  "seed": 0,
  "calib_mean_mrt": 157.7677840502414,
  "calib_total_vio": 0.0,
  "mf_terms": {
    "psi": {
      "low": [
        0.641949180219545,
        0.08512282329304696
      ],
      "moderate": [
        1.0007250175090294,
        0.19564620645548925
      ],
      "high": [
        1.2785475520192116,
        0.3319941916009075
      ],
      "critical": [
        3.0,
        0.6058549901068695
      ]
    },
    "omega": {
      "tight": [
        0.17358136389845855,
        0.08833194258522083
      ],
      "moderate": [
        0.40288238393543785,
        0.11828169804425263
      ],
      "ample": [
        0.5949108615439734,
        0.1711821997426798
      ]
    },
    "phi": {
      "exhausted": [
        0.0688,
        0.06307697660513915
      ],
      "available": [
        0.25,
        0.14071794015554034
      ],
      "abundant": [
        0.5234461860600682,
        0.17186550317105895
      ]
    }
  }
}